date,streamflow_cfs,quality_cd
2000-09-28,26,A
2000-09-29,26,A
2000-09-30,27,A
2000-10-01,25.4,A e
2000-10-02,25.5,A e
2000-10-03,25.4,A e
2000-10-04,26.2,A e
2000-10-05,24.6,A e
2000-10-06,29.1,A e
2000-10-07,52.8,A e
2000-10-08,51.2,A e
2000-10-09,41.1,A e
2000-10-10,43.3,A e
2000-10-11,52.8,A e
2000-10-12,48.6,A e
2000-10-13,42.2,A e
2000-10-14,38.1,A e
2000-10-15,34.8,A e
2000-10-16,31.9,A e
2000-10-17,30.6,A e
2000-10-18,29.7,A e
2000-10-19,37.6,A e
2000-10-20,51.2,A e
2000-10-21,49.5,A e
2000-10-22,42.4,A e
2000-10-23,37.6,A e
2000-10-24,35,A e
2000-10-25,34.3,A e
2000-10-26,32.9,A e
2000-10-27,32.4,A e
2000-10-28,32.1,A e
2000-10-29,31.7,A e
2000-10-30,37.8,A e
2000-10-31,82.3,A e
2000-11-01,92.2,A e
2000-11-02,79.9,A e
2000-11-03,69.3,A e
2000-11-04,60.9,A e
2000-11-05,56.6,A e
2000-11-06,60.9,A e
2000-11-07,68,A e
2000-11-08,66.3,A e
2000-11-09,59.9,A e
2000-11-10,54.6,A e
2000-11-11,51.5,A e
2000-11-12,49,A e
2000-11-13,47,A e
2000-11-14,45.7,A e
2000-11-15,62.6,A e
2000-11-16,96.2,A e
2000-11-17,91,A e
2000-11-18,77.6,A e
2000-11-19,66.9,A e
2000-11-20,60.1,A e
2000-11-21,56.5,A e
2000-11-22,54.5,A e
2000-11-23,51.7,A e
2000-11-24,47.8,A e
2000-11-25,43.8,A e
2000-11-26,45.3,A e
2000-11-27,91.9,A e
2000-11-28,139,A e
2000-11-29,133,A e
2000-11-30,118,A e
2000-12-01,104,A e
2000-12-02,91,A e
2000-12-03,79,A e
2000-12-04,69.8,A e
2000-12-05,63.7,A e
2000-12-06,57.4,A e
2000-12-07,52,A e
2000-12-08,46.9,A e
2000-12-09,43.4,A e
2000-12-10,41.5,A e
2000-12-11,42.2,A e
2000-12-12,53.8,A e
2000-12-13,78.1,A e
2000-12-14,69,A e
2000-12-15,66.5,A e
2000-12-16,65.7,A e
2000-12-17,99.2,A e
2000-12-18,188,A e
2000-12-19,229,A e
2000-12-20,249,A e
2000-12-21,249,A e
2000-12-22,212,A e
2000-12-23,173,A e
2000-12-24,145,A e
2000-12-25,120,A e
2000-12-26,108,A e
2000-12-27,102,A e
2000-12-28,96.4,A e
2000-12-29,91.2,A e
2000-12-30,87.2,A e
2000-12-31,83.7,A e
2001-01-01,85.2,A e
2001-01-02,83.7,A e
2001-01-03,79.2,A e
2001-01-04,75.4,A e
2001-01-05,72.5,A e
2001-01-06,69.2,A e
2001-01-07,70.7,A e
2001-01-08,71.9,A e
2001-01-09,69.7,A e
2001-01-10,67.2,A e
2001-01-11,64.9,A e
2001-01-12,62.6,A e
2001-01-13,60.3,A e
2001-01-14,58,A e
2001-01-15,56.4,A e
2001-01-16,54.7,A e
2001-01-17,53.7,A e
2001-01-18,52.8,A e
2001-01-19,51.9,A e
2001-01-20,50.9,A e
2001-01-21,50.6,A e
2001-01-22,49.8,A e
2001-01-23,48.9,A e
2001-01-24,47.1,A e
2001-01-25,46.3,A e
2001-01-26,45.5,A e
2001-01-27,45.3,A e
2001-01-28,45.3,A e
2001-01-29,44.6,A e
2001-01-30,44,A e
2001-01-31,49.2,A e
2001-02-01,54.1,A e
2001-02-02,54.4,A e
2001-02-03,52.2,A e
2001-02-04,50.8,A e
2001-02-05,50.3,A e
2001-02-06,54.4,A e
2001-02-07,57.3,A e
2001-02-08,58.2,A e
2001-02-09,57.9,A e
2001-02-10,66.5,A e
2001-02-11,84.8,A e
2001-02-12,96.5,A e
2001-02-13,86.5,A e
2001-02-14,80.8,A e
2001-02-15,100,A e
2001-02-16,98.3,A e
2001-02-17,90.7,A e
2001-02-18,84.2,A e
2001-02-19,79.5,A e
2001-02-20,75.1,A e
2001-02-21,71,A e
2001-02-22,68,A e
2001-02-23,65.1,A e
2001-02-24,62.8,A e
2001-02-25,59.7,A e
2001-02-26,63.8,A e
2001-02-27,74.4,A e
2001-02-28,70.7,A e
2001-03-01,66.6,A e
2001-03-02,62.3,A e
2001-03-03,58.6,A e
2001-03-04,55.3,A e
2001-03-05,53.8,A e
2001-03-06,53.1,A e
2001-03-07,53.1,A e
2001-03-08,51.8,A e
2001-03-09,51,A e
2001-03-10,55.9,A e
2001-03-11,58.6,A e
2001-03-12,58,A e
2001-03-13,57.8,A e
2001-03-14,63.6,A e
2001-03-15,69.4,A e
2001-03-16,70.5,A e
2001-03-17,70.7,A e
2001-03-18,70,A e
2001-03-19,74.2,A e
2001-03-20,101,A e
2001-03-21,133,A e
2001-03-22,160,A e
2001-03-23,183,A e
2001-03-24,204,A e
2001-03-25,224,A e
2001-03-26,228,A e
2001-03-27,205,A e
2001-03-28,174,A e
2001-03-29,156,A e
2001-03-30,148,A e
2001-03-31,147,A e
2001-04-01,158,A e
2001-04-02,146,A e
2001-04-03,134,A e
2001-04-04,126,A e
2001-04-05,141,A e
2001-04-06,173,A e
2001-04-07,189,A e
2001-04-08,201,A e
2001-04-09,212,A e
2001-04-10,249,A e
2001-04-11,299,A e
2001-04-12,349,A e
2001-04-13,402,A e
2001-04-14,441,A e
2001-04-15,470,A e
2001-04-16,450,A e
2001-04-17,428,A e
2001-04-18,411,A e
2001-04-19,398,A e
2001-04-20,390,A e
2001-04-21,382,A e
2001-04-22,378,A e
2001-04-23,374,A e
2001-04-24,401,A e
2001-04-25,421,A e
2001-04-26,403,A e
2001-04-27,386,A e
2001-04-28,354,A e
2001-04-29,316,A e
2001-04-30,280,A e
2001-05-01,251,A e
2001-05-02,224,A e
2001-05-03,202,A e
2001-05-04,186,A e
2001-05-05,172,A e
2001-05-06,159,A e
2001-05-07,147,A e
2001-05-08,134,A e
2001-05-09,126,A e
2001-05-10,116,A e
2001-05-11,109,A e
2001-05-12,103,A e
2001-05-13,99.3,A e
2001-05-14,97.1,A e
2001-05-15,101,A e
2001-05-16,106,A e
2001-05-17,98.3,A e
2001-05-18,93.4,A e
2001-05-19,101,A e
2001-05-20,130,A e
2001-05-21,119,A e
2001-05-22,101,A e
2001-05-23,83,A e
2001-05-24,73,A e
2001-05-25,61,A
2001-05-26,56,A
2001-05-27,52,A
2001-05-28,58,A
2001-05-29,77,A
2001-05-30,82,A
2001-05-31,70,A
2001-06-01,61,A
2001-06-02,55,A
2001-06-03,88,A
2001-06-04,148,A
2001-06-05,172,A
2001-06-06,197,A
2001-06-07,173,A
2001-06-08,123,A
2001-06-09,95,A
2001-06-10,79,A
2001-06-11,68,A
2001-06-12,62,A
2001-06-13,72,A
2001-06-14,67,A
2001-06-15,56,A
2001-06-16,50,A
2001-06-17,44,A
2001-06-18,57,A
2001-06-19,77,A
2001-06-20,65,A
2001-06-21,51,A
2001-06-22,43,A
2001-06-23,42,A
2001-06-24,51,A
2001-06-25,56,A
2001-06-26,53,A
2001-06-27,44,A
2001-06-28,37,A
2001-06-29,32,A
2001-06-30,29,A
2001-07-01,28,A
2001-07-02,27,A
2001-07-03,25,A
2001-07-04,24,A
2001-07-05,23,A
2001-07-06,24,A
2001-07-07,23,A
2001-07-08,23,A
2001-07-09,25,A
2001-07-10,27,A
2001-07-11,28,A
2001-07-12,27,A
2001-07-13,25,A
2001-07-14,23,A
2001-07-15,27,A
2001-07-16,30,A
2001-07-17,29,A
2001-07-18,29,A
2001-07-19,30,A
2001-07-20,29,A
2001-07-21,27,A
2001-07-22,25,A
2001-07-23,24,A
2001-07-24,22,A
2001-07-25,21,A
2001-07-26,20,A
2001-07-27,20,A
2001-07-28,20,A
2001-07-29,19,A
2001-07-30,17,A
2001-07-31,17,A
2001-08-01,17,A
2001-08-02,16,A
2001-08-03,16,A
2001-08-04,15,A
2001-08-05,15,A
2001-08-06,16,A
2001-08-07,16,A
2001-08-08,16,A
2001-08-09,16,A
2001-08-10,16,A
2001-08-11,16,A
2001-08-12,15,A
2001-08-13,15,A
2001-08-14,15,A
2001-08-15,15,A
2001-08-16,15,A
2001-08-17,14,A
2001-08-18,14,A
2001-08-19,14,A
2001-08-20,14,A
2001-08-21,14,A
2001-08-22,15,A
2001-08-23,15,A
2001-08-24,15,A
2001-08-25,15,A
2001-08-26,13,A
2001-08-27,13,A
2001-08-28,13,A
2001-08-29,14,A
2001-08-30,15,A
2001-08-31,15,A
2001-09-01,16,A
2001-09-02,18,A
2001-09-03,18,A
2001-09-04,17,A
2001-09-05,16,A
2001-09-06,15,A
2001-09-07,15,A
2001-09-08,14,A
2001-09-09,14,A
2001-09-10,14,A
2001-09-11,14,A
2001-09-12,13,A
2001-09-13,13,A
2001-09-14,12,A
2001-09-15,12,A
2001-09-16,12,A
2001-09-17,12,A
2001-09-18,12,A
2001-09-19,12,A
2001-09-20,12,A
2001-09-21,12,A
2001-09-22,13,A
2001-09-23,17,A
2001-09-24,18,A
2001-09-25,17,A
2001-09-26,26,A
2001-09-27,54,A
2001-09-28,41,A
2001-09-29,30,A
2001-09-30,24,A
2001-10-01,20.7,A
2001-10-02,18.9,A
2001-10-03,17.1,A
2001-10-04,16.1,A
2001-10-05,16,A
2001-10-06,15.1,A
2001-10-07,14.1,A
2001-10-08,14,A
2001-10-09,13.1,A
2001-10-10,13,A
2001-10-11,13.3,A
2001-10-12,13.1,A
2001-10-13,13.3,A
2001-10-14,13.4,A
2001-10-15,14,A
2001-10-16,14.7,A
2001-10-17,25.1,A
2001-10-18,40,A
2001-10-19,31,A
2001-10-20,24.7,A
2001-10-21,21.6,A
2001-10-22,20.2,A
2001-10-23,18.6,A
2001-10-24,18.2,A
2001-10-25,19.4,A
2001-10-26,20,A
2001-10-27,21.2,A
2001-10-28,21.1,A
2001-10-29,19.8,A
2001-10-30,19.1,A
2001-10-31,18.3,A
2001-11-01,20.1,A
2001-11-02,24.9,A
2001-11-03,25.6,A
2001-11-04,24.4,A
2001-11-05,23.3,A
2001-11-06,23.6,A
2001-11-07,24.2,A
2001-11-08,23.5,A
2001-11-09,23.1,A
2001-11-10,26.2,A
2001-11-11,26.7,A
2001-11-12,25,A
2001-11-13,23.3,A
2001-11-14,22,A
2001-11-15,22,A
2001-11-16,22,A
2001-11-17,21.4,A
2001-11-18,21,A
2001-11-19,20.8,A
2001-11-20,21,A
2001-11-21,21,A
2001-11-22,20.9,A
2001-11-23,20,A
2001-11-24,20,A
2001-11-25,20,A
2001-11-26,21.2,A
2001-11-27,22.4,A
2001-11-28,23,A
2001-11-29,22.9,A
2001-11-30,31.8,A
2001-12-01,47.1,A
2001-12-02,48.4,A
2001-12-03,40.1,A
2001-12-04,34.6,A
2001-12-05,31.3,A
2001-12-06,28.9,A
2001-12-07,27.6,A
2001-12-08,25.9,A
2001-12-09,24.1,A
2001-12-10,23.3,A
2001-12-11,22,A
2001-12-12,22,A
2001-12-13,22.2,A
2001-12-14,25.1,A
2001-12-15,28.7,A
2001-12-16,28.3,A
2001-12-17,25.9,A
2001-12-18,26,A
2001-12-19,26.2,A
2001-12-20,26,A
2001-12-21,26.1,A e
2001-12-22,25.9,A e
2001-12-23,25.6,A e
2001-12-24,27.5,A e
2001-12-25,101,A
2001-12-26,132,A
2001-12-27,109,A
2001-12-28,85.5,A e
2001-12-29,71.3,A e
2001-12-30,58.5,A e
2001-12-31,52.3,A e
2002-01-01,45.5,A e
2002-01-02,41,A e
2002-01-03,37.4,A e
2002-01-04,34.7,A e
2002-01-05,32.8,A e
2002-01-06,29.7,A e
2002-01-07,31.6,A e
2002-01-08,33.8,A e
2002-01-09,33,A e
2002-01-10,30,A e
2002-01-11,29.6,A e
2002-01-12,29.4,A e
2002-01-13,31.6,A e
2002-01-14,40,A e
2002-01-15,43.3,A e
2002-01-16,42,A e
2002-01-17,41,A e
2002-01-18,40.3,A e
2002-01-19,39.2,A e
2002-01-20,35.1,A e
2002-01-21,34.3,A e
2002-01-22,33.3,A e
2002-01-23,35.1,A e
2002-01-24,44,A e
2002-01-25,70.7,A e
2002-01-26,78.6,A e
2002-01-27,68.3,A e
2002-01-28,60.9,A e
2002-01-29,55.4,A e
2002-01-30,51,A e
2002-01-31,48.4,A e
2002-02-01,45.7,A e
2002-02-02,43.7,A e
2002-02-03,42,A e
2002-02-04,40.8,A e
2002-02-05,39.5,A e
2002-02-06,38.7,A e
2002-02-07,38,A e
2002-02-08,37.6,A e
2002-02-09,37.2,A e
2002-02-10,36.7,A e
2002-02-11,157,A e
2002-02-12,384,A e
2002-02-13,369,A e
2002-02-14,312,A e
2002-02-15,272,A e
2002-02-16,233,A e
2002-02-17,193,A e
2002-02-18,161,A e
2002-02-19,132,A e
2002-02-20,109,A e
2002-02-21,105,A e
2002-02-22,143,A e
2002-02-23,168,A e
2002-02-24,179,A e
2002-02-25,167,A
2002-02-26,152,A
2002-02-27,212,A
2002-02-28,326,A
2002-03-01,372,A e
2002-03-02,496,A e
2002-03-03,485,A
2002-03-04,491,A
2002-03-05,551,A
2002-03-06,502,A
2002-03-07,419,A
2002-03-08,354,A
2002-03-09,298,A
2002-03-10,265,A
2002-03-11,258,A
2002-03-12,278,A
2002-03-13,285,A
2002-03-14,266,A
2002-03-15,240,A
2002-03-16,219,A
2002-03-17,199,A
2002-03-18,179,A
2002-03-19,160,A
2002-03-20,144,A
2002-03-21,139,A
2002-03-22,155,A
2002-03-23,151,A
2002-03-24,139,A
2002-03-25,130,A
2002-03-26,123,A
2002-03-27,199,A
2002-03-28,302,A
2002-03-29,425,A
2002-03-30,468,A
2002-03-31,439,A
2002-04-01,480,A
2002-04-02,536,A
2002-04-03,575,A
2002-04-04,540,A
2002-04-05,501,A
2002-04-06,453,A
2002-04-07,399,A
2002-04-08,349,A
2002-04-09,305,A
2002-04-10,271,A
2002-04-11,247,A
2002-04-12,227,A
2002-04-13,209,A
2002-04-14,235,A
2002-04-15,287,A
2002-04-16,382,A
2002-04-17,445,A
2002-04-18,430,A
2002-04-19,395,A
2002-04-20,366,A
2002-04-21,330,A
2002-04-22,287,A
2002-04-23,246,A
2002-04-24,214,A
2002-04-25,190,A
2002-04-26,182,A
2002-04-27,201,A
2002-04-28,214,A
2002-04-29,213,A
2002-04-30,219,A
2002-05-01,236,A
2002-05-02,249,A
2002-05-03,258,A
2002-05-04,260,A
2002-05-05,253,A
2002-05-06,230,A
2002-05-07,201,A
2002-05-08,177,A
2002-05-09,157,A
2002-05-10,150,A
2002-05-11,151,A
2002-05-12,141,A
2002-05-13,129,A
2002-05-14,151,A
2002-05-15,199,A
2002-05-16,221,A
2002-05-17,213,A
2002-05-18,198,A
2002-05-19,198,A
2002-05-20,196,A
2002-05-21,178,A
2002-05-22,154,A
2002-05-23,136,A
2002-05-24,122,A
2002-05-25,111,A
2002-05-26,99.9,A
2002-05-27,93,A
2002-05-28,86.8,A
2002-05-29,81.1,A
2002-05-30,77.9,A
2002-05-31,78.4,A
2002-06-01,77.2,A
2002-06-02,71.4,A
2002-06-03,70.3,A
2002-06-04,66.9,A
2002-06-05,61.6,A
2002-06-06,68.6,A
2002-06-07,88.9,A
2002-06-08,82.5,A
2002-06-09,72.6,A
2002-06-10,71.4,A
2002-06-11,65.4,A
2002-06-12,83.1,A
2002-06-13,128,A
2002-06-14,122,A
2002-06-15,101,A
2002-06-16,112,A
2002-06-17,121,A
2002-06-18,108,A
2002-06-19,91.8,A
2002-06-20,81,A
2002-06-21,69,A
2002-06-22,59.9,A
2002-06-23,54.6,A
2002-06-24,53.4,A
2002-06-25,49.5,A
2002-06-26,44.2,A
2002-06-27,45.4,A
2002-06-28,52.4,A
2002-06-29,47.8,A
2002-06-30,41.6,A
2002-07-01,38.2,A
2002-07-02,45.6,A
2002-07-03,66.4,A
2002-07-04,94.5,A
2002-07-05,142,A
2002-07-06,142,A
2002-07-07,113,A
2002-07-08,89.8,A
2002-07-09,74,A
2002-07-10,61.4,A
2002-07-11,51.5,A
2002-07-12,44.2,A
2002-07-13,38.2,A
2002-07-14,35.1,A
2002-07-15,32.6,A
2002-07-16,33.2,A
2002-07-17,36.7,A
2002-07-18,36.8,A
2002-07-19,33.8,A
2002-07-20,34.7,A
2002-07-21,35.3,A
2002-07-22,32.8,A
2002-07-23,29.4,A
2002-07-24,27.4,A
2002-07-25,24.9,A
2002-07-26,22.5,A
2002-07-27,21.3,A
2002-07-28,22,A
2002-07-29,22.5,A
2002-07-30,28.7,A
2002-07-31,41.8,A
2002-08-01,39.4,A
2002-08-02,32.8,A
2002-08-03,28.4,A
2002-08-04,26.9,A
2002-08-05,24.8,A
2002-08-06,23.5,A
2002-08-07,22.3,A
2002-08-08,21.3,A
2002-08-09,21.3,A
2002-08-10,20.4,A
2002-08-11,19.3,A
2002-08-12,19,A
2002-08-13,18.4,A
2002-08-14,17.4,A
2002-08-15,16.8,A
2002-08-16,17,A
2002-08-17,16.5,A
2002-08-18,17,A
2002-08-19,16.5,A
2002-08-20,16,A
2002-08-21,16,A
2002-08-22,15.5,A
2002-08-23,15.2,A
2002-08-24,16.3,A
2002-08-25,19.4,A
2002-08-26,26.3,A
2002-08-27,25.7,A
2002-08-28,21.1,A
2002-08-29,18.6,A
2002-08-30,18.3,A
2002-08-31,19.3,A
2002-09-01,18.8,A
2002-09-02,17.7,A
2002-09-03,17.8,A
2002-09-04,19.8,A
2002-09-05,22.2,A
2002-09-06,21.7,A
2002-09-07,19.6,A
2002-09-08,18.2,A
2002-09-09,17.3,A
2002-09-10,15.8,A
2002-09-11,15.3,A
2002-09-12,16.1,A
2002-09-13,18.2,A
2002-09-14,17.8,A
2002-09-15,17.4,A
2002-09-16,25.4,A
2002-09-17,36.6,A
2002-09-18,32.5,A
2002-09-19,26.5,A
2002-09-20,22.4,A
2002-09-21,20.7,A
2002-09-22,19.4,A
2002-09-23,24.6,A
2002-09-24,39.4,A
2002-09-25,36.5,A
2002-09-26,28.3,A
2002-09-27,24.5,A
2002-09-28,55.5,A
2002-09-29,96.5,A
2002-09-30,63.7,A
2002-10-01,44.9,A
2002-10-02,36.2,A
2002-10-03,31.7,A
2002-10-04,29.2,A
2002-10-05,28.1,A
2002-10-06,29.1,A
2002-10-07,28.1,A
2002-10-08,25.7,A
2002-10-09,23.3,A
2002-10-10,21.7,A
2002-10-11,21.2,A
2002-10-12,21.1,A
2002-10-13,21.2,A
2002-10-14,24.3,A
2002-10-15,27.4,A
2002-10-16,26.7,A
2002-10-17,43.8,A
2002-10-18,68.9,A
2002-10-19,60.1,A
2002-10-20,56.4,A
2002-10-21,53.2,A
2002-10-22,46,A
2002-10-23,41.2,A
2002-10-24,38,A
2002-10-25,35.7,A
2002-10-26,33.2,A
2002-10-27,50.8,A
2002-10-28,68.3,A
2002-10-29,57.1,A
2002-10-30,47.9,A
2002-10-31,42.4,A
2002-11-01,38.8,A
2002-11-02,38.6,A
2002-11-03,37.5,A
2002-11-04,34.7,A
2002-11-05,35.7,A
2002-11-06,55.6,A
2002-11-07,136,A
2002-11-08,152,A
2002-11-09,134,A
2002-11-10,128,A
2002-11-11,157,A
2002-11-12,177,A
2002-11-13,193,A
2002-11-14,217,A
2002-11-15,226,A
2002-11-16,221,A
2002-11-17,197,A
2002-11-18,211,A
2002-11-19,228,A
2002-11-20,235,A
2002-11-21,221,A
2002-11-22,201,A
2002-11-23,215,A
2002-11-24,233,A
2002-11-25,243,A
2002-11-26,231,A
2002-11-27,199,A
2002-11-28,156,A
2002-11-29,134,A
2002-11-30,126,A
2002-12-01,115,A
2002-12-02,96.2,A
2002-12-03,86.8,A e
2002-12-04,82.3,A e
2002-12-05,76.9,A e
2002-12-06,71.9,A e
2002-12-07,70,A e
2002-12-08,66.3,A e
2002-12-09,62,A e
2002-12-10,58.7,A e
2002-12-11,54.1,A e
2002-12-12,55,A
2002-12-13,55.9,A e
2002-12-14,85.1,A
2002-12-15,214,A
2002-12-16,255,A
2002-12-17,306,A e
2002-12-18,332,A e
2002-12-19,286,A e
2002-12-20,261,A
2002-12-21,323,A
2002-12-22,506,A
2002-12-23,667,A
2002-12-24,507,A
2002-12-25,375,A e
2002-12-26,296,A e
2002-12-27,271,A e
2002-12-28,249,A e
2002-12-29,221,A e
2002-12-30,187,A e
2002-12-31,170,A e
2003-01-01,171,A e
2003-01-02,159,A e
2003-01-03,147,A e
2003-01-04,139,A e
2003-01-05,144,A e
2003-01-06,135,A e
2003-01-07,124,A e
2003-01-08,116,A e
2003-01-09,110,A e
2003-01-10,104,A e
2003-01-11,98.1,A e
2003-01-12,93,A e
2003-01-13,88.7,A e
2003-01-14,84.6,A e
2003-01-15,81.6,A e
2003-01-16,78.3,A e
2003-01-17,75.5,A e
2003-01-18,72.9,A e
2003-01-19,70.7,A e
2003-01-20,68.6,A e
2003-01-21,67,A e
2003-01-22,65.4,A e
2003-01-23,63.6,A e
2003-01-24,62.4,A e
2003-01-25,60.9,A e
2003-01-26,59.5,A e
2003-01-27,58.2,A e
2003-01-28,57.4,A e
2003-01-29,56.7,A e
2003-01-30,56.1,A e
2003-01-31,55.7,A e
2003-02-01,55.4,A e
2003-02-02,69.9,A e
2003-02-03,75.7,A e
2003-02-04,88.7,A e
2003-02-05,118,A e
2003-02-06,117,A e
2003-02-07,106,A e
2003-02-08,97.9,A e
2003-02-09,91.1,A e
2003-02-10,85,A e
2003-02-11,80,A e
2003-02-12,74.6,A e
2003-02-13,70.7,A e
2003-02-14,66.5,A e
2003-02-15,62,A e
2003-02-16,59.4,A e
2003-02-17,57.3,A e
2003-02-18,55,A e
2003-02-19,55,A e
2003-02-20,55.9,A e
2003-02-21,56.7,A e
2003-02-22,57.5,A e
2003-02-23,65,A e
2003-02-24,82.9,A e
2003-02-25,98,A e
2003-02-26,113,A e
2003-02-27,97.5,A e
2003-02-28,86.3,A e
2003-03-01,77.4,A e
2003-03-02,89.9,A e
2003-03-03,161,A e
2003-03-04,220,A e
2003-03-05,156,A e
2003-03-06,160,A e
2003-03-07,145,A e
2003-03-08,129,A e
2003-03-09,113,A e
2003-03-10,102,A e
2003-03-11,93.6,A e
2003-03-12,87.2,A e
2003-03-13,82,A e
2003-03-14,77.3,A e
2003-03-15,74.5,A e
2003-03-16,71.9,A e
2003-03-17,70.7,A e
2003-03-18,76.7,A e
2003-03-19,84.1,A e
2003-03-20,76,A e
2003-03-21,128,A e
2003-03-22,212,A e
2003-03-23,309,A e
2003-03-24,397,A
2003-03-25,484,A
2003-03-26,475,A
2003-03-27,430,A
2003-03-28,452,A
2003-03-29,542,A
2003-03-30,538,A
2003-03-31,671,A
2003-04-01,699,A
2003-04-02,635,A
2003-04-03,502,A
2003-04-04,420,A
2003-04-05,366,A
2003-04-06,321,A
2003-04-07,289,A
2003-04-08,266,A
2003-04-09,241,A
2003-04-10,222,A
2003-04-11,211,A
2003-04-12,232,A
2003-04-13,273,A
2003-04-14,318,A
2003-04-15,322,A
2003-04-16,299,A
2003-04-17,276,A
2003-04-18,257,A
2003-04-19,236,A
2003-04-20,216,A
2003-04-21,201,A
2003-04-22,192,A
2003-04-23,206,A
2003-04-24,233,A
2003-04-25,255,A
2003-04-26,250,A
2003-04-27,243,A
2003-04-28,242,A
2003-04-29,242,A
2003-04-30,228,A
2003-05-01,207,A
2003-05-02,191,A
2003-05-03,189,A
2003-05-04,190,A
2003-05-05,180,A
2003-05-06,167,A
2003-05-07,205,A
2003-05-08,256,A
2003-05-09,300,A
2003-05-10,287,A
2003-05-11,246,A
2003-05-12,219,A
2003-05-13,211,A
2003-05-14,208,A
2003-05-15,196,A
2003-05-16,176,A
2003-05-17,158,A
2003-05-18,141,A
2003-05-19,128,A
2003-05-20,117,A
2003-05-21,107,A
2003-05-22,98.7,A
2003-05-23,98.6,A
2003-05-24,107,A
2003-05-25,137,A
2003-05-26,168,A
2003-05-27,181,A
2003-05-28,187,A
2003-05-29,185,A
2003-05-30,174,A
2003-05-31,158,A
2003-06-01,148,A
2003-06-02,202,A
2003-06-03,243,A
2003-06-04,267,A
2003-06-05,240,A
2003-06-06,204,A
2003-06-07,183,A
2003-06-08,166,A
2003-06-09,145,A
2003-06-10,131,A
2003-06-11,116,A
2003-06-12,106,A
2003-06-13,96,A
2003-06-14,111,A
2003-06-15,170,A
2003-06-16,190,A
2003-06-17,172,A
2003-06-18,136,A
2003-06-19,115,A
2003-06-20,107,A
2003-06-21,95,A
2003-06-22,86.5,A
2003-06-23,78.7,A
2003-06-24,73.9,A
2003-06-25,69.3,A
2003-06-26,61.2,A
2003-06-27,54.4,A
2003-06-28,48.6,A
2003-06-29,43.9,A
2003-06-30,40.3,A
2003-07-01,37.5,A
2003-07-02,34.3,A
2003-07-03,31.8,A
2003-07-04,30,A
2003-07-05,29.1,A
2003-07-06,28.2,A
2003-07-07,26.7,A
2003-07-08,25.9,A
2003-07-09,26.5,A
2003-07-10,26.8,A
2003-07-11,26.1,A
2003-07-12,29,A
2003-07-13,30.8,A
2003-07-14,29,A
2003-07-15,26.8,A
2003-07-16,25.3,A
2003-07-17,26,A
2003-07-18,26.2,A
2003-07-19,26.2,A
2003-07-20,26,A
2003-07-21,24,A
2003-07-22,23.5,A
2003-07-23,26.9,A
2003-07-24,33,A
2003-07-25,35.7,A
2003-07-26,34.1,A
2003-07-27,31.4,A
2003-07-28,30,A
2003-07-29,27.6,A
2003-07-30,24.3,A
2003-07-31,22.7,A
2003-08-01,21.9,A
2003-08-02,26.6,A
2003-08-03,40.6,A
2003-08-04,40.1,A
2003-08-05,38.3,A
2003-08-06,45.3,A
2003-08-07,49.8,A
2003-08-08,45.9,A
2003-08-09,44.4,A
2003-08-10,41.9,A
2003-08-11,38.7,A
2003-08-12,35.8,A
2003-08-13,34.6,A
2003-08-14,32.9,A
2003-08-15,30.6,A
2003-08-16,28.6,A
2003-08-17,27.4,A
2003-08-18,26.1,A
2003-08-19,24.6,A
2003-08-20,23.4,A
2003-08-21,22.9,A
2003-08-22,22.3,A
2003-08-23,21.8,A
2003-08-24,20.6,A
2003-08-25,18.7,A
2003-08-26,18.6,A
2003-08-27,18.9,A
2003-08-28,19.8,A
2003-08-29,19.1,A
2003-08-30,18.5,A
2003-08-31,18.6,A
2003-09-01,18.1,A
2003-09-02,17.2,A
2003-09-03,16.4,A
2003-09-04,22,A
2003-09-05,47.8,A
2003-09-06,48.9,A
2003-09-07,34.7,A
2003-09-08,25.4,A
2003-09-09,21.6,A
2003-09-10,19.7,A
2003-09-11,18.6,A
2003-09-12,17.8,A
2003-09-13,17,A
2003-09-14,16.2,A
2003-09-15,16.1,A
2003-09-16,17,A
2003-09-17,18,A
2003-09-18,18.2,A
2003-09-19,17.4,A
2003-09-20,18.4,A
2003-09-21,20.9,A
2003-09-22,21.2,A
2003-09-23,20,A
2003-09-24,22,A
2003-09-25,25.8,A
2003-09-26,23.2,A
2003-09-27,21.8,A
2003-09-28,23.8,A
2003-09-29,37.5,A
2003-09-30,44.3,A
2003-10-01,34.4,A
2003-10-02,29,A
2003-10-03,28.3,A
2003-10-04,29.9,A
2003-10-05,47.7,A
2003-10-06,59.1,A
2003-10-07,50.6,A
2003-10-08,43.1,A
2003-10-09,38,A
2003-10-10,34.2,A
2003-10-11,31.3,A
2003-10-12,29.8,A
2003-10-13,31.5,A
2003-10-14,39.3,A
2003-10-15,53.5,A
2003-10-16,110,A
2003-10-17,121,A
2003-10-18,107,A
2003-10-19,91.1,A
2003-10-20,77.9,A
2003-10-21,83.1,A
2003-10-22,124,A
2003-10-23,140,A
2003-10-24,134,A
2003-10-25,118,A
2003-10-26,102,A
2003-10-27,124,A
2003-10-28,208,A
2003-10-29,269,A
2003-10-30,395,A
2003-10-31,524,A
2003-11-01,516,A
2003-11-02,433,A
2003-11-03,369,A
2003-11-04,319,A
2003-11-05,274,A
2003-11-06,238,A
2003-11-07,213,A
2003-11-08,192,A
2003-11-09,169,A
2003-11-10,147,A
2003-11-11,128,A
2003-11-12,123,A
2003-11-13,161,A
2003-11-14,225,A
2003-11-15,261,A
2003-11-16,282,A
2003-11-17,267,A
2003-11-18,229,A
2003-11-19,190,A
2003-11-20,188,A
2003-11-21,261,A
2003-11-22,315,A
2003-11-23,413,A
2003-11-24,403,A
2003-11-25,356,A
2003-11-26,312,A
2003-11-27,273,A
2003-11-28,241,A
2003-11-29,248,A
2003-11-30,263,A
2003-12-01,300,A
2003-12-02,316,A
2003-12-03,291,A
2003-12-04,242,A e
2003-12-05,206,A e
2003-12-06,180,A e
2003-12-07,163,A e
2003-12-08,152,A e
2003-12-09,155,A e
2003-12-10,153,A e
2003-12-11,140,A e
2003-12-12,196,A e
2003-12-13,264,A e
2003-12-14,296,A e
2003-12-15,291,A e
2003-12-16,275,A e
2003-12-17,254,A e
2003-12-18,280,A e
2003-12-19,335,A e
2003-12-20,412,A e
2003-12-21,496,A e
2003-12-22,445,A e
2003-12-23,373,A e
2003-12-24,325,A e
2003-12-25,314,A e
2003-12-26,332,A e
2003-12-27,424,A e
2003-12-28,452,A e
2003-12-29,397,A
2003-12-30,346,A
2003-12-31,312,A
2004-01-01,281,A
2004-01-02,247,A e
2004-01-03,225,A e
2004-01-04,226,A
2004-01-05,226,A
2004-01-06,218,A e
2004-01-07,198,A e
2004-01-08,174,A e
2004-01-09,158,A e
2004-01-10,144,A e
2004-01-11,131,A e
2004-01-12,122,A e
2004-01-13,114,A e
2004-01-14,111,A e
2004-01-15,106,A e
2004-01-16,101,A e
2004-01-17,96.3,A e
2004-01-18,94,A e
2004-01-19,90.9,A e
2004-01-20,88.9,A e
2004-01-21,86.5,A e
2004-01-22,83.9,A e
2004-01-23,82.4,A e
2004-01-24,80.4,A e
2004-01-25,77.4,A e
2004-01-26,75,A e
2004-01-27,72.7,A e
2004-01-28,70.5,A e
2004-01-29,68.4,A e
2004-01-30,66.4,A e
2004-01-31,65.2,A e
2004-02-01,63.9,A e
2004-02-02,63.1,A e
2004-02-03,63,A e
2004-02-04,81.5,A e
2004-02-05,108,A e
2004-02-06,100,A e
2004-02-07,87.5,A e
2004-02-08,83.6,A e
2004-02-09,80.8,A e
2004-02-10,81.5,A e
2004-02-11,80.9,A e
2004-02-12,78.4,A e
2004-02-13,75.9,A e
2004-02-14,73.6,A e
2004-02-15,71.2,A e
2004-02-16,69,A e
2004-02-17,66.9,A e
2004-02-18,64.3,A e
2004-02-19,62.3,A e
2004-02-20,60.4,A e
2004-02-21,60.4,A e
2004-02-22,69,A e
2004-02-23,82.1,A e
2004-02-24,88.9,A e
2004-02-25,86.2,A e
2004-02-26,80.6,A e
2004-02-27,71.3,A e
2004-02-28,64.2,A e
2004-02-29,60.6,A e
2004-03-01,59.5,A e
2004-03-02,66.8,A e
2004-03-03,86.2,A e
2004-03-04,94.8,A e
2004-03-05,88.9,A e
2004-03-06,107,A e
2004-03-07,135,A e
2004-03-08,147,A e
2004-03-09,125,A e
2004-03-10,103,A e
2004-03-11,86.5,A e
2004-03-12,77.5,A e
2004-03-13,82.7,A e
2004-03-14,86.8,A e
2004-03-15,80.3,A e
2004-03-16,82.9,A e
2004-03-17,75.4,A e
2004-03-18,70.8,A e
2004-03-19,68.6,A e
2004-03-20,66.4,A e
2004-03-21,62,A e
2004-03-22,74.4,A e
2004-03-23,68.3,A e
2004-03-24,63.8,A e
2004-03-25,67.8,A e
2004-03-26,109,A
2004-03-27,167,A
2004-03-28,236,A
2004-03-29,251,A
2004-03-30,207,A
2004-03-31,172,A
2004-04-01,159,A
2004-04-02,175,A
2004-04-03,226,A
2004-04-04,274,A
2004-04-05,292,A
2004-04-06,279,A
2004-04-07,267,A
2004-04-08,244,A
2004-04-09,219,A
2004-04-10,200,A
2004-04-11,184,A
2004-04-12,170,A
2004-04-13,159,A
2004-04-14,173,A
2004-04-15,232,A
2004-04-16,286,A
2004-04-17,316,A
2004-04-18,297,A
2004-04-19,260,A
2004-04-20,231,A
2004-04-21,210,A
2004-04-22,194,A
2004-04-23,181,A
2004-04-24,170,A
2004-04-25,157,A
2004-04-26,151,A
2004-04-27,161,A
2004-04-28,171,A
2004-04-29,164,A
2004-04-30,151,A
2004-05-01,138,A
2004-05-02,129,A
2004-05-03,128,A
2004-05-04,153,A
2004-05-05,179,A
2004-05-06,174,A
2004-05-07,157,A
2004-05-08,139,A
2004-05-09,125,A
2004-05-10,113,A
2004-05-11,110,A
2004-05-12,108,A
2004-05-13,102,A
2004-05-14,95.3,A
2004-05-15,92.1,A
2004-05-16,112,A
2004-05-17,147,A
2004-05-18,141,A
2004-05-19,165,A
2004-05-20,177,A
2004-05-21,156,A
2004-05-22,129,A
2004-05-23,122,A
2004-05-24,134,A
2004-05-25,179,A
2004-05-26,213,A
2004-05-27,220,A
2004-05-28,200,A
2004-05-29,180,A
2004-05-30,162,A
2004-05-31,139,A
2004-06-01,119,A
2004-06-02,111,A
2004-06-03,134,A
2004-06-04,135,A
2004-06-05,118,A
2004-06-06,101,A
2004-06-07,94.5,A
2004-06-08,104,A
2004-06-09,94.9,A
2004-06-10,82,A
2004-06-11,70.1,A
2004-06-12,63,A
2004-06-13,56.3,A
2004-06-14,50.2,A
2004-06-15,47.1,A
2004-06-16,45,A
2004-06-17,41,A
2004-06-18,37.5,A
2004-06-19,36.6,A
2004-06-20,55.9,A
2004-06-21,57.6,A
2004-06-22,49.2,A
2004-06-23,50.5,A
2004-06-24,53.9,A
2004-06-25,49.3,A
2004-06-26,62.6,A
2004-06-27,170,A
2004-06-28,195,A
2004-06-29,144,A
2004-06-30,105,A
2004-07-01,82,A
2004-07-02,84.4,A
2004-07-03,117,A
2004-07-04,163,A
2004-07-05,152,A
2004-07-06,122,A
2004-07-07,101,A
2004-07-08,84.5,A
2004-07-09,81.3,A
2004-07-10,84,A
2004-07-11,77.1,A
2004-07-12,65.7,A
2004-07-13,55.7,A
2004-07-14,49.5,A
2004-07-15,51.4,A
2004-07-16,55.7,A
2004-07-17,52.4,A
2004-07-18,47.2,A
2004-07-19,44.2,A
2004-07-20,42.4,A
2004-07-21,40.5,A
2004-07-22,37,A
2004-07-23,34.1,A
2004-07-24,34.9,A
2004-07-25,40.8,A
2004-07-26,39.3,A
2004-07-27,35,A
2004-07-28,37.2,A
2004-07-29,54,A
2004-07-30,50.8,A
2004-07-31,44.1,A
2004-08-01,40.4,A
2004-08-02,38.2,A
2004-08-03,34.6,A
2004-08-04,30.4,A
2004-08-05,28.5,A
2004-08-06,28,A
2004-08-07,29.5,A
2004-08-08,30.3,A
2004-08-09,35.4,A
2004-08-10,31.6,A
2004-08-11,27.6,A
2004-08-12,25.5,A
2004-08-13,67.4,A
2004-08-14,254,A
2004-08-15,300,A
2004-08-16,332,A
2004-08-17,320,A
2004-08-18,248,A
2004-08-19,155,A
2004-08-20,113,A
2004-08-21,113,A
2004-08-22,211,A
2004-08-23,260,A
2004-08-24,288,A
2004-08-25,262,A
2004-08-26,178,A
2004-08-27,115,A
2004-08-28,91.3,A
2004-08-29,78.3,A
2004-08-30,69,A
2004-08-31,66,A
2004-09-01,74,A
2004-09-02,65.1,A
2004-09-03,56.4,A
2004-09-04,50.2,A
2004-09-05,44.7,A
2004-09-06,40.2,A
2004-09-07,37.1,A
2004-09-08,35.3,A
2004-09-09,39.3,A
2004-09-10,92.7,A
2004-09-11,121,A
2004-09-12,104,A
2004-09-13,79.7,A
2004-09-14,63.7,A
2004-09-15,54.1,A
2004-09-16,48.8,A
2004-09-17,45.8,A
2004-09-18,61.9,A
2004-09-19,133,A
2004-09-20,133,A
2004-09-21,104,A
2004-09-22,81.7,A
2004-09-23,68.6,A
2004-09-24,56.4,A
2004-09-25,49,A
2004-09-26,45,A
2004-09-27,41,A
2004-09-28,37.3,A
2004-09-29,36.6,A
2004-09-30,35.1,A
2004-10-01,33.3,A
2004-10-02,39.2,A
2004-10-03,37.3,A
2004-10-04,32.3,A
2004-10-05,31,A
2004-10-06,30.3,A
2004-10-07,27.8,A
2004-10-08,27.2,A
2004-10-09,27.4,A
2004-10-10,28.5,A
2004-10-11,29.4,A
2004-10-12,39.3,A
2004-10-13,51.9,A
2004-10-14,47.3,A
2004-10-15,43.8,A
2004-10-16,77.4,A
2004-10-17,156,A
2004-10-18,153,A
2004-10-19,121,A
2004-10-20,98.7,A
2004-10-21,85.1,A
2004-10-22,75.7,A
2004-10-23,68.6,A
2004-10-24,63.5,A
2004-10-25,59,A
2004-10-26,55.2,A
2004-10-27,52,A
2004-10-28,49.6,A
2004-10-29,45.9,A
2004-10-30,44.2,A
2004-10-31,58.7,A
2004-11-01,80.2,A
2004-11-02,71.4,A
2004-11-03,78.9,A
2004-11-04,95.6,A
2004-11-05,121,A
2004-11-06,159,A
2004-11-07,137,A
2004-11-08,124,A
2004-11-09,117,A
2004-11-10,99.8,A
2004-11-11,87.9,A
2004-11-12,81.2,A
2004-11-13,76.2,A
2004-11-14,71.8,A
2004-11-15,68.4,A
2004-11-16,65.8,A
2004-11-17,60.6,A
2004-11-18,56.9,A
2004-11-19,57.1,A
2004-11-20,60.9,A
2004-11-21,59.5,A
2004-11-22,58.2,A
2004-11-23,57.4,A
2004-11-24,54.7,A
2004-11-25,125,A
2004-11-26,235,A
2004-11-27,253,A
2004-11-28,231,A
2004-11-29,251,A
2004-11-30,290,A
2004-12-01,330,A
2004-12-02,372,A
2004-12-03,398,A
2004-12-04,434,A
2004-12-05,397,A
2004-12-06,325,A
2004-12-07,253,A
2004-12-08,208,A
2004-12-09,182,A
2004-12-10,165,A
2004-12-11,169,A
2004-12-12,198,A
2004-12-13,208,A
2004-12-14,199,A
2004-12-15,167,A
2004-12-16,150,A e
2004-12-17,136,A
2004-12-18,123,A e
2004-12-19,113,A
2004-12-20,106,A e
2004-12-21,102,A e
2004-12-22,97.2,A e
2004-12-23,96.2,A
2004-12-24,163,A
2004-12-25,214,A
2004-12-26,229,A e
2004-12-27,184,A e
2004-12-28,177,A e
2004-12-29,182,A e
2004-12-30,151,A e
2004-12-31,142,A e
2005-01-01,155,A e
2005-01-02,157,A e
2005-01-03,145,A e
2005-01-04,142,A e
2005-01-05,134,A e
2005-01-06,121,A e
2005-01-07,116,A e
2005-01-08,111,A e
2005-01-09,107,A e
2005-01-10,105,A e
2005-01-11,99.1,A e
2005-01-12,97.6,A e
2005-01-13,94.1,A e
2005-01-14,120,A e
2005-01-15,162,A e
2005-01-16,196,A e
2005-01-17,179,A e
2005-01-18,161,A e
2005-01-19,150,A e
2005-01-20,159,A e
2005-01-21,154,A e
2005-01-22,133,A e
2005-01-23,129,A e
2005-01-24,127,A e
2005-01-25,116,A e
2005-01-26,110,A e
2005-01-27,103,A e
2005-01-28,95.9,A e
2005-01-29,87.7,A e
2005-01-30,82.7,A e
2005-01-31,77.9,A e
2005-02-01,75.6,A e
2005-02-02,71.3,A e
2005-02-03,68,A e
2005-02-04,70.9,A e
2005-02-05,70.9,A e
2005-02-06,68.8,A e
2005-02-07,66.8,A e
2005-02-08,65.8,A e
2005-02-09,65.8,A e
2005-02-10,75.2,A e
2005-02-11,107,A e
2005-02-12,114,A e
2005-02-13,101,A e
2005-02-14,92,A e
2005-02-15,120,A e
2005-02-16,154,A e
2005-02-17,207,A e
2005-02-18,240,A e
2005-02-19,210,A e
2005-02-20,194,A e
2005-02-21,177,A e
2005-02-22,160,A e
2005-02-23,152,A e
2005-02-24,147,A e
2005-02-25,135,A e
2005-02-26,124,A e
2005-02-27,118,A e
2005-02-28,109,A e
2005-03-01,108,A
2005-03-02,107,A
2005-03-03,104,A e
2005-03-04,101,A e
2005-03-05,97.7,A e
2005-03-06,91.7,A e
2005-03-07,88,A e
2005-03-08,116,A
2005-03-09,398,A e
2005-03-10,497,A e
2005-03-11,583,A e
2005-03-12,628,A e
2005-03-13,538,A e
2005-03-14,456,A e
2005-03-15,396,A e
2005-03-16,361,A e
2005-03-17,316,A
2005-03-18,289,A
2005-03-19,265,A
2005-03-20,255,A
2005-03-21,251,A e
2005-03-22,271,A
2005-03-23,287,A
2005-03-24,300,A
2005-03-25,287,A
2005-03-26,261,A
2005-03-27,241,A
2005-03-28,244,A
2005-03-29,455,A
2005-03-30,1010,A
2005-03-31,1050,A
2005-04-01,850,A
2005-04-02,712,A
2005-04-03,671,A
2005-04-04,861,A
2005-04-05,1020,A
2005-04-06,868,A
2005-04-07,725,A
2005-04-08,638,A
2005-04-09,581,A
2005-04-10,536,A
2005-04-11,484,A
2005-04-12,430,A
2005-04-13,384,A
2005-04-14,344,A
2005-04-15,309,A
2005-04-16,274,A
2005-04-17,246,A
2005-04-18,226,A
2005-04-19,208,A
2005-04-20,194,A
2005-04-21,205,A
2005-04-22,224,A
2005-04-23,224,A
2005-04-24,215,A
2005-04-25,307,A
2005-04-26,427,A
2005-04-27,616,A
2005-04-28,611,A
2005-04-29,730,A
2005-04-30,884,A
2005-05-01,833,A
2005-05-02,783,A
2005-05-03,698,A
2005-05-04,595,A
2005-05-05,520,A
2005-05-06,444,A
2005-05-07,392,A
2005-05-08,408,A
2005-05-09,486,A
2005-05-10,559,A
2005-05-11,503,A
2005-05-12,425,A
2005-05-13,361,A
2005-05-14,306,A
2005-05-15,265,A
2005-05-16,249,A
2005-05-17,252,A
2005-05-18,250,A
2005-05-19,254,A
2005-05-20,263,A
2005-05-21,255,A
2005-05-22,244,A
2005-05-23,270,A
2005-05-24,324,A
2005-05-25,380,A
2005-05-26,496,A
2005-05-27,926,A
2005-05-28,1190,A
2005-05-29,912,A
2005-05-30,712,A
2005-05-31,610,A
2005-06-01,547,A
2005-06-02,486,A
2005-06-03,419,A
2005-06-04,361,A
2005-06-05,311,A
2005-06-06,270,A
2005-06-07,256,A
2005-06-08,262,A
2005-06-09,250,A
2005-06-10,220,A
2005-06-11,191,A
2005-06-12,169,A
2005-06-13,152,A
2005-06-14,141,A
2005-06-15,167,A
2005-06-16,192,A
2005-06-17,195,A
2005-06-18,206,A
2005-06-19,223,A
2005-06-20,218,A
2005-06-21,181,A
2005-06-22,150,A
2005-06-23,141,A
2005-06-24,126,A
2005-06-25,113,A
2005-06-26,101,A
2005-06-27,93.1,A
2005-06-28,89.6,A
2005-06-29,86,A
2005-06-30,80.7,A
2005-07-01,78.1,A
2005-07-02,80.1,A
2005-07-03,78.4,A
2005-07-04,70.4,A
2005-07-05,65.1,A
2005-07-06,61.6,A
2005-07-07,61.2,A
2005-07-08,59.6,A
2005-07-09,59.5,A
2005-07-10,68.2,A
2005-07-11,67.2,A
2005-07-12,61.6,A
2005-07-13,59,A
2005-07-14,57.9,A
2005-07-15,63.7,A
2005-07-16,64.5,A
2005-07-17,56.1,A
2005-07-18,50.7,A
2005-07-19,49.5,A
2005-07-20,47.8,A
2005-07-21,44.9,A
2005-07-22,42.5,A
2005-07-23,40.1,A
2005-07-24,37.4,A
2005-07-25,36.1,A
2005-07-26,46.1,A
2005-07-27,46.6,A
2005-07-28,44.3,A
2005-07-29,45.6,A
2005-07-30,40.8,A
2005-07-31,36.3,A
2005-08-01,34.1,A
2005-08-02,54.7,A
2005-08-03,72.5,A
2005-08-04,58.2,A
2005-08-05,46.4,A
2005-08-06,42.7,A
2005-08-07,39.3,A
2005-08-08,35.4,A
2005-08-09,32.3,A
2005-08-10,31.3,A
2005-08-11,30.3,A
2005-08-12,30,A
2005-08-13,30.4,A
2005-08-14,31.7,A
2005-08-15,37.5,A
2005-08-16,41.2,A
2005-08-17,34.6,A
2005-08-18,29.8,A
2005-08-19,27.6,A
2005-08-20,25.6,A
2005-08-21,26.4,A
2005-08-22,29.1,A
2005-08-23,29.2,A
2005-08-24,28.4,A
2005-08-25,32.7,A
2005-08-26,33.6,A
2005-08-27,30,A
2005-08-28,27.5,A
2005-08-29,27.6,A
2005-08-30,45.7,A
2005-08-31,64.1,A
2005-09-01,70.1,A
2005-09-02,79.9,A
2005-09-03,60.1,A
2005-09-04,46.4,A
2005-09-05,38.8,A
2005-09-06,34.4,A
2005-09-07,31.9,A
2005-09-08,29.9,A
2005-09-09,28.7,A
2005-09-10,27.5,A
2005-09-11,25.4,A
2005-09-12,25.4,A
2005-09-13,24.9,A
2005-09-14,24.5,A
2005-09-15,26.1,A
2005-09-16,50.8,A
2005-09-17,63.1,A
2005-09-18,86.2,A
2005-09-19,75.4,A
2005-09-20,63.8,A
2005-09-21,59.4,A
2005-09-22,51.7,A
2005-09-23,44.9,A
2005-09-24,40.2,A
2005-09-25,35.9,A
2005-09-26,33.3,A
2005-09-27,46.3,A
2005-09-28,57.6,A
2005-09-29,47.9,A
2005-09-30,58.6,A
2005-10-01,67.3,A
2005-10-02,54.3,A
2005-10-03,45.8,A
2005-10-04,40.6,A
2005-10-05,37.9,A
2005-10-06,36.2,A
2005-10-07,35.1,A
2005-10-08,88.9,A
2005-10-09,375,A
2005-10-10,802,A
2005-10-11,1180,A
2005-10-12,1040,A
2005-10-13,852,A
2005-10-14,659,A
2005-10-15,535,A
2005-10-16,471,A
2005-10-17,419,A
2005-10-18,405,A
2005-10-19,391,A
2005-10-20,354,A
2005-10-21,303,A
2005-10-22,248,A
2005-10-23,233,A
2005-10-24,259,A
2005-10-25,311,A
2005-10-26,413,A
2005-10-27,557,A
2005-10-28,722,A
2005-10-29,639,A
2005-10-30,546,A
2005-10-31,464,A
2005-11-01,396,A
2005-11-02,338,A
2005-11-03,284,A
2005-11-04,240,A
2005-11-05,209,A
2005-11-06,186,A
2005-11-07,180,A
2005-11-08,178,A
2005-11-09,170,A
2005-11-10,201,A
2005-11-11,237,A
2005-11-12,256,A
2005-11-13,242,A
2005-11-14,212,A
2005-11-15,186,A
2005-11-16,183,A
2005-11-17,218,A
2005-11-18,256,A
2005-11-19,282,A
2005-11-20,278,A
2005-11-21,252,A
2005-11-22,286,A
2005-11-23,389,A
2005-11-24,719,A
2005-11-25,731,A
2005-11-26,602,A
2005-11-27,521,A
2005-11-28,447,A
2005-11-29,387,A
2005-11-30,344,A
2005-12-01,345,A
2005-12-02,542,A
2005-12-03,1090,A
2005-12-04,1040,A
2005-12-05,792,A
2005-12-06,632,A
2005-12-07,517,A e
2005-12-08,429,A e
2005-12-09,381,A e
2005-12-10,368,A e
2005-12-11,310,A e
2005-12-12,279,A e
2005-12-13,255,A e
2005-12-14,234,A e
2005-12-15,218,A e
2005-12-16,203,A e
2005-12-17,189,A e
2005-12-18,176,A e
2005-12-19,164,A e
2005-12-20,153,A e
2005-12-21,144,A e
2005-12-22,135,A e
2005-12-23,127,A e
2005-12-24,123,A e
2005-12-25,122,A e
2005-12-26,155,A e
2005-12-27,208,A e
2005-12-28,208,A e
2005-12-29,238,A e
2005-12-30,317,A e
2005-12-31,372,A e
2006-01-01,412,A e
2006-01-02,372,A e
2006-01-03,318,A e
2006-01-04,259,A e
2006-01-05,212,A e
2006-01-06,188,A e
2006-01-07,174,A e
2006-01-08,162,A e
2006-01-09,151,A e
2006-01-10,144,A e
2006-01-11,140,A e
2006-01-12,160,A e
2006-01-13,196,A e
2006-01-14,226,A e
2006-01-15,387,A e
2006-01-16,590,A e
2006-01-17,821,A e
2006-01-18,743,A e
2006-01-19,726,A e
2006-01-20,674,A e
2006-01-21,584,A e
2006-01-22,484,A e
2006-01-23,408,A e
2006-01-24,330,A e
2006-01-25,285,A e
2006-01-26,256,A e
2006-01-27,224,A e
2006-01-28,200,A e
2006-01-29,196,A e
2006-01-30,177,A e
2006-01-31,166,A e
2006-02-01,155,A e
2006-02-02,148,A e
2006-02-03,144,A e
2006-02-04,246,A
2006-02-05,381,A
2006-02-06,555,A
2006-02-07,688,A
2006-02-08,543,A
2006-02-09,422,A e
2006-02-10,333,A e
2006-02-11,276,A e
2006-02-12,239,A e
2006-02-13,215,A e
2006-02-14,196,A e
2006-02-15,182,A e
2006-02-16,172,A e
2006-02-17,176,A e
2006-02-18,187,A e
2006-02-19,185,A e
2006-02-20,166,A e
2006-02-21,142,A e
2006-02-22,125,A e
2006-02-23,115,A e
2006-02-24,109,A e
2006-02-25,106,A e
2006-02-26,103,A e
2006-02-27,98.1,A e
2006-02-28,91.4,A e
2006-03-01,85.1,A e
2006-03-02,80.5,A e
2006-03-03,78,A e
2006-03-04,76.1,A e
2006-03-05,74.6,A e
2006-03-06,73.5,A e
2006-03-07,72.3,A e
2006-03-08,71.2,A e
2006-03-09,70.9,A e
2006-03-10,83.4,A e
2006-03-11,119,A
2006-03-12,119,A
2006-03-13,123,A
2006-03-14,135,A
2006-03-15,175,A
2006-03-16,159,A
2006-03-17,132,A
2006-03-18,117,A
2006-03-19,107,A
2006-03-20,99.4,A
2006-03-21,95.4,A
2006-03-22,93.4,A
2006-03-23,92.7,A
2006-03-24,93,A
2006-03-25,90.4,A
2006-03-26,88.2,A
2006-03-27,86.6,A
2006-03-28,83.5,A
2006-03-29,81.5,A
2006-03-30,80,A
2006-03-31,79.1,A
2006-04-01,80.3,A
2006-04-02,88,A
2006-04-03,91,A
2006-04-04,92,A
2006-04-05,122,A
2006-04-06,155,A
2006-04-07,189,A
2006-04-08,214,A
2006-04-09,220,A
2006-04-10,194,A
2006-04-11,160,A
2006-04-12,140,A
2006-04-13,128,A
2006-04-14,131,A
2006-04-15,138,A
2006-04-16,180,A
2006-04-17,183,A
2006-04-18,170,A
2006-04-19,155,A
2006-04-20,141,A
2006-04-21,129,A
2006-04-22,116,A
2006-04-23,108,A
2006-04-24,102,A
2006-04-25,110,A
2006-04-26,111,A
2006-04-27,104,A
2006-04-28,95.5,A
2006-04-29,89.2,A
2006-04-30,84.7,A
2006-05-01,80,A
2006-05-02,122,A
2006-05-03,184,A
2006-05-04,171,A
2006-05-05,146,A
2006-05-06,129,A
2006-05-07,118,A
2006-05-08,105,A
2006-05-09,95.8,A
2006-05-10,95.7,A
2006-05-11,153,A
2006-05-12,220,A
2006-05-13,277,A
2006-05-14,305,A
2006-05-15,270,A
2006-05-16,241,A
2006-05-17,293,A
2006-05-18,345,A
2006-05-19,363,A
2006-05-20,343,A
2006-05-21,324,A
2006-05-22,296,A
2006-05-23,254,A
2006-05-24,219,A
2006-05-25,186,A
2006-05-26,156,A
2006-05-27,136,A
2006-05-28,124,A
2006-05-29,112,A
2006-05-30,102,A
2006-05-31,94.7,A
2006-06-01,103,A
2006-06-02,172,A
2006-06-03,167,A
2006-06-04,286,A
2006-06-05,419,A
2006-06-06,604,A
2006-06-07,607,A
2006-06-08,521,A
2006-06-09,469,A
2006-06-10,553,A
2006-06-11,823,A
2006-06-12,1000,A
2006-06-13,855,A
2006-06-14,713,A
2006-06-15,623,A
2006-06-16,560,A
2006-06-17,515,A
2006-06-18,466,A
2006-06-19,406,A
2006-06-20,344,A
2006-06-21,279,A
2006-06-22,226,A
2006-06-23,188,A
2006-06-24,174,A
2006-06-25,178,A
2006-06-26,186,A
2006-06-27,196,A
2006-06-28,181,A
2006-06-29,170,A
2006-06-30,175,A
2006-07-01,197,A
2006-07-02,200,A
2006-07-03,173,A
2006-07-04,142,A
2006-07-05,124,A
2006-07-06,113,A
2006-07-07,103,A
2006-07-08,95.2,A
2006-07-09,84.3,A
2006-07-10,78.3,A
2006-07-11,73.2,A
2006-07-12,80.1,A
2006-07-13,108,A
2006-07-14,132,A
2006-07-15,105,A
2006-07-16,85.6,A
2006-07-17,76.1,A
2006-07-18,70.5,A
2006-07-19,72.6,A
2006-07-20,69.2,A
2006-07-21,79.7,A
2006-07-22,185,A
2006-07-23,292,A
2006-07-24,328,A
2006-07-25,344,A
2006-07-26,318,A
2006-07-27,244,A
2006-07-28,169,A
2006-07-29,178,A
2006-07-30,216,A
2006-07-31,212,A
2006-08-01,184,A
2006-08-02,153,A
2006-08-03,150,A
2006-08-04,168,A
2006-08-05,167,A
2006-08-06,147,A
2006-08-07,121,A
2006-08-08,106,A
2006-08-09,94.7,A
2006-08-10,83.3,A
2006-08-11,85.5,A
2006-08-12,84.1,A
2006-08-13,76.1,A
2006-08-14,68.1,A
2006-08-15,62.6,A
2006-08-16,61.4,A
2006-08-17,57.1,A
2006-08-18,52.3,A
2006-08-19,49.2,A
2006-08-20,57.8,A
2006-08-21,84.5,A
2006-08-22,96.4,A
2006-08-23,80.1,A
2006-08-24,65.2,A
2006-08-25,57.6,A
2006-08-26,52.2,A
2006-08-27,48.1,A
2006-08-28,48.4,A
2006-08-29,54.6,A
2006-08-30,55.6,A
2006-08-31,52.1,A
2006-09-01,45.5,A
2006-09-02,41.1,A
2006-09-03,37.7,A
2006-09-04,49.7,A
2006-09-05,86.1,A
2006-09-06,72.1,A
2006-09-07,63.7,A
2006-09-08,58.5,A
2006-09-09,54.2,A
2006-09-10,67,A
2006-09-11,95.7,A
2006-09-12,84.1,A
2006-09-13,70.8,A
2006-09-14,63.8,A
2006-09-15,58.7,A
2006-09-16,56.2,A
2006-09-17,53.7,A
2006-09-18,49.2,A
2006-09-19,45.6,A
2006-09-20,46.2,A
2006-09-21,52.2,A
2006-09-22,48.6,A
2006-09-23,47.2,A
2006-09-24,55,A
2006-09-25,61.3,A
2006-09-26,56.1,A
2006-09-27,48.4,A
2006-09-28,43.4,A
2006-09-29,40.5,A
2006-09-30,45.1,A
2006-10-01,48.1,A
2006-10-02,53.1,A
2006-10-03,75.1,A
2006-10-04,71.4,A
2006-10-05,66.5,A
2006-10-06,63.4,A
2006-10-07,58.4,A
2006-10-08,53.4,A
2006-10-09,49.9,A
2006-10-10,47,A
2006-10-11,43.4,A
2006-10-12,50.9,A
2006-10-13,80.8,A
2006-10-14,78.4,A
2006-10-15,69.4,A
2006-10-16,61.7,A
2006-10-17,56.2,A
2006-10-18,73.3,A
2006-10-19,135,A
2006-10-20,136,A
2006-10-21,205,A
2006-10-22,245,A
2006-10-23,244,A
2006-10-24,219,A
2006-10-25,206,A
2006-10-26,182,A
2006-10-27,150,A
2006-10-28,139,A
2006-10-29,340,A
2006-10-30,449,A
2006-10-31,578,A
2006-11-01,510,A
2006-11-02,408,A
2006-11-03,321,A
2006-11-04,251,A
2006-11-05,203,A
2006-11-06,170,A
2006-11-07,156,A
2006-11-08,153,A
2006-11-09,249,A
2006-11-10,325,A
2006-11-11,385,A
2006-11-12,402,A
2006-11-13,379,A
2006-11-14,445,A
2006-11-15,615,A
2006-11-16,861,A
2006-11-17,754,A
2006-11-18,678,A
2006-11-19,634,A
2006-11-20,578,A
2006-11-21,509,A
2006-11-22,435,A
2006-11-23,368,A
2006-11-24,311,A
2006-11-25,265,A
2006-11-26,232,A
2006-11-27,206,A
2006-11-28,190,A
2006-11-29,176,A
2006-11-30,164,A
2006-12-01,162,A
2006-12-02,204,A
2006-12-03,235,A
2006-12-04,239,A
2006-12-05,215,A
2006-12-06,179,A
2006-12-07,180,A
2006-12-08,176,A
2006-12-09,152,A
2006-12-10,164,A
2006-12-11,147,A
2006-12-12,137,A
2006-12-13,126,A
2006-12-14,153,A
2006-12-15,166,A
2006-12-16,161,A
2006-12-17,153,A
2006-12-18,141,A
2006-12-19,132,A
2006-12-20,122,A
2006-12-21,114,A
2006-12-22,109,A
2006-12-23,133,A
2006-12-24,243,A
2006-12-25,290,A
2006-12-26,293,A
2006-12-27,263,A
2006-12-28,231,A
2006-12-29,195,A e
2006-12-30,171,A e
2006-12-31,160,A e
2007-01-01,152,A e
2007-01-02,189,A e
2007-01-03,211,A
2007-01-04,202,A
2007-01-05,186,A
2007-01-06,187,A
2007-01-07,216,A
2007-01-08,247,A
2007-01-09,286,A
2007-01-10,314,A
2007-01-11,273,A
2007-01-12,257,A
2007-01-13,229,A
2007-01-14,175,A e
2007-01-15,160,A e
2007-01-16,148,A e
2007-01-17,139,A e
2007-01-18,132,A e
2007-01-19,168,A e
2007-01-20,206,A e
2007-01-21,197,A e
2007-01-22,172,A e
2007-01-23,153,A e
2007-01-24,138,A e
2007-01-25,125,A e
2007-01-26,114,A e
2007-01-27,105,A e
2007-01-28,98.3,A e
2007-01-29,92.1,A e
2007-01-30,87.1,A e
2007-01-31,83,A e
2007-02-01,80.1,A e
2007-02-02,78.2,A e
2007-02-03,82,A e
2007-02-04,81.6,A e
2007-02-05,78.6,A e
2007-02-06,76.1,A e
2007-02-07,72.9,A e
2007-02-08,69.6,A e
2007-02-09,66.7,A e
2007-02-10,64.1,A e
2007-02-11,62.4,A e
2007-02-12,61.1,A e
2007-02-13,60.2,A e
2007-02-14,62.8,A e
2007-02-15,86.8,A e
2007-02-16,115,A e
2007-02-17,112,A e
2007-02-18,100,A e
2007-02-19,95.8,A e
2007-02-20,91.4,A e
2007-02-21,87.3,A e
2007-02-22,84,A e
2007-02-23,81,A e
2007-02-24,77.8,A e
2007-02-25,75.8,A e
2007-02-26,73.4,A e
2007-02-27,71.4,A e
2007-02-28,70,A e
2007-03-01,69.5,A e
2007-03-02,69.8,A e
2007-03-03,80.7,A e
2007-03-04,92.9,A e
2007-03-05,90.7,A e
2007-03-06,84.2,A e
2007-03-07,78.4,A e
2007-03-08,73.5,A e
2007-03-09,71.1,A e
2007-03-10,69.5,A e
2007-03-11,121,A e
2007-03-12,186,A e
2007-03-13,221,A e
2007-03-14,254,A e
2007-03-15,267,A e
2007-03-16,287,A e
2007-03-17,327,A e
2007-03-18,680,A e
2007-03-19,976,A e
2007-03-20,840,A e
2007-03-21,595,A e
2007-03-22,524,A e
2007-03-23,495,A e
2007-03-24,473,A e
2007-03-25,449,A
2007-03-26,409,A
2007-03-27,362,A
2007-03-28,336,A
2007-03-29,317,A
2007-03-30,290,A
2007-03-31,259,A
2007-04-01,231,A
2007-04-02,210,A
2007-04-03,197,A
2007-04-04,191,A
2007-04-05,189,A
2007-04-06,193,A
2007-04-07,204,A
2007-04-08,197,A
2007-04-09,189,A
2007-04-10,196,A
2007-04-11,199,A
2007-04-12,204,A
2007-04-13,220,A
2007-04-14,254,A
2007-04-15,280,A
2007-04-16,334,A
2007-04-17,715,A
2007-04-18,1400,A
2007-04-19,1240,A
2007-04-20,962,A
2007-04-21,778,A
2007-04-22,658,A
2007-04-23,582,A
2007-04-24,527,A
2007-04-25,472,A
2007-04-26,419,A
2007-04-27,368,A
2007-04-28,328,A
2007-04-29,302,A
2007-04-30,298,A
2007-05-01,317,A
2007-05-02,333,A
2007-05-03,322,A
2007-05-04,285,A
2007-05-05,249,A
2007-05-06,222,A
2007-05-07,203,A
2007-05-08,185,A
2007-06-19,65.1,A
2007-06-20,61.2,A
2007-06-21,61.3,A
2007-06-22,66.5,A
2007-06-23,117,A
2007-06-24,114,A
2007-06-25,87.9,A
2007-06-26,71.2,A
2007-06-27,61.9,A
2007-06-28,67.9,A
2007-06-29,64,A
2007-06-30,54.5,A
2007-07-01,50.7,A
2007-07-02,46.8,A
2007-07-03,41.2,A
2007-07-04,38.7,A
2007-07-05,41.3,A
2007-07-06,63.4,A
2007-07-07,92.2,A
2007-07-08,125,A
2007-07-09,114,A
2007-07-10,99.5,A
2007-07-11,87.4,A
2007-07-12,83.2,A
2007-07-13,82.8,A
2007-07-14,74.3,A
2007-07-15,65.5,A
2007-07-16,64,A
2007-07-17,59.4,A
2007-07-18,52.3,A
2007-07-19,51.8,A
2007-07-20,67.1,A
2007-07-21,130,A
2007-07-22,133,A
2007-07-23,98.8,A
2007-07-24,78.9,A
2007-07-25,68,A
2007-07-26,60.1,A
2007-07-27,52.9,A
2007-07-28,47.7,A
2007-07-29,44.6,A
2007-07-30,42.6,A
2007-07-31,39.6,A
2007-08-01,36,A
2007-08-02,33.2,A
2007-08-03,30.8,A
2007-08-04,35.4,A
2007-08-05,40.4,A
2007-08-06,34.7,A
2007-08-07,35.8,A
2007-08-08,40.3,A
2007-08-09,67.9,A
2007-08-10,56.8,A
2007-08-11,42.6,A
2007-08-12,37,A
2007-08-13,34.3,A
2007-08-14,41,A
2007-08-15,40.6,A
2007-08-16,35.4,A
2007-08-17,35.9,A
2007-08-18,36.7,A
2007-08-19,32.9,A
2007-08-20,29.6,A
2007-08-21,27.3,A
2007-08-22,26,A
2007-08-23,24.6,A
2007-08-24,25,A
2007-08-25,27.7,A
2007-08-26,28.7,A
2007-08-27,26.9,A
2007-08-28,24.9,A
2007-08-29,23.7,A
2007-08-30,22.8,A
2007-08-31,22.2,A
2007-09-01,23,A
2007-09-02,23,A
2007-09-03,22,A
2007-09-04,21.1,A
2007-09-05,20.6,A
2007-09-06,20.1,A
2007-09-07,19.6,A
2007-09-08,19.5,A
2007-09-09,20.3,A
2007-09-10,26,A
2007-09-11,33,A
2007-09-12,58.5,A
2007-09-13,63.8,A
2007-09-14,45.1,A
2007-09-15,33,A
2007-09-16,35.6,A
2007-09-17,34.7,A
2007-09-18,29.8,A
2007-09-19,27.4,A
2007-09-20,25.7,A
2007-09-21,24.3,A
2007-09-22,23.7,A
2007-09-23,23.5,A
2007-09-24,23.4,A
2007-09-25,22.5,A
2007-09-26,21.4,A
2007-09-27,21.3,A
2007-09-28,30.7,A
2007-09-29,57,A
2007-09-30,47.3,A
2007-10-01,35.8,A
2007-10-02,29,A
2007-10-03,27.2,A
2007-10-04,26.7,A
2007-10-05,25.7,A
2007-10-06,24.2,A
2007-10-07,23.8,A
2007-10-08,23.3,A
2007-10-09,23,A
2007-10-10,22.9,A
2007-10-11,22.3,A
2007-10-12,34.7,A
2007-10-13,127,A
2007-10-14,111,A
2007-10-15,77.6,A
2007-10-16,73.1,A
2007-10-17,69.7,A
2007-10-18,56.4,A
2007-10-19,48.8,A
2007-10-20,98.6,A
2007-10-21,158,A
2007-10-22,121,A
2007-10-23,94.8,A
2007-10-24,80.4,A
2007-10-25,68.6,A
2007-10-26,59.7,A
2007-10-27,57.5,A
2007-10-28,95.2,A
2007-10-29,106,A
2007-10-30,87.4,A
2007-10-31,76,A
2007-11-01,67.9,A
2007-11-02,61.6,A
2007-11-03,67.2,A
2007-11-04,251,A
2007-11-05,327,A
2007-11-06,366,A
2007-11-07,384,A
2007-11-08,362,A
2007-11-09,345,A
2007-11-10,297,A
2007-11-11,218,A
2007-11-12,162,A
2007-11-13,142,A
2007-11-14,138,A
2007-11-15,129,A
2007-11-16,174,A
2007-11-17,243,A
2007-11-18,266,A
2007-11-19,243,A
2007-11-20,191,A
2007-11-21,155,A
2007-11-22,142,A
2007-11-23,143,A
2007-11-24,135,A
2007-11-25,120,A
2007-11-26,109,A
2007-11-27,153,A
2007-11-28,213,A
2007-11-29,213,A
2007-11-30,193,A
2007-12-01,150,A
2007-12-02,139,A e
2007-12-03,134,A e
2007-12-04,120,A e
2007-12-05,121,A e
2007-12-06,119,A e
2007-12-07,107,A e
2007-12-08,100,A e
2007-12-09,98.1,A e
2007-12-10,92.6,A e
2007-12-11,87.5,A e
2007-12-12,83.9,A e
2007-12-13,80.6,A e
2007-12-14,78.2,A e
2007-12-15,75.1,A e
2007-12-16,72.8,A e
2007-12-17,103,A e
2007-12-18,116,A e
2007-12-19,109,A e
2007-12-20,102,A e
2007-12-21,96.8,A e
2007-12-22,91.5,A e
2007-12-23,90.2,A e
2007-12-24,189,A
2007-12-25,260,A
2007-12-26,294,A e
2007-12-27,303,A
2007-12-28,275,A
2007-12-29,228,A
2007-12-30,195,A
2007-12-31,180,A
2008-01-01,166,A e
2008-01-02,154,A e
2008-01-03,145,A e
2008-01-04,139,A e
2008-01-05,134,A e
2008-01-06,130,A e
2008-01-07,128,A e
2008-01-08,137,A e
2008-01-09,159,A
2008-01-10,205,A
2008-01-11,244,A
2008-01-12,305,A
2008-01-13,334,A
2008-01-14,347,A
2008-01-15,327,A e
2008-01-16,295,A e
2008-01-17,256,A e
2008-01-18,235,A e
2008-01-19,250,A e
2008-01-20,242,A e
2008-01-21,198,A e
2008-01-22,162,A e
2008-01-23,164,A e
2008-01-24,152,A e
2008-01-25,139,A e
2008-01-26,128,A e
2008-01-27,119,A e
2008-01-28,113,A e
2008-01-29,111,A e
2008-01-30,116,A e
2008-01-31,137,A e
2008-02-01,145,A e
2008-02-02,178,A e
2008-02-03,209,A e
2008-02-04,248,A e
2008-02-05,243,A e
2008-02-06,200,A e
2008-02-07,175,A e
2008-02-08,156,A e
2008-02-09,144,A e
2008-02-10,134,A e
2008-02-11,127,A e
2008-02-12,125,A e
2008-02-13,195,A e
2008-02-14,307,A e
2008-02-15,361,A e
2008-02-16,478,A e
2008-02-17,443,A e
2008-02-18,440,A e
2008-02-19,611,A e
2008-02-20,806,A e
2008-02-21,795,A e
2008-02-22,645,A e
2008-02-23,481,A e
2008-02-24,393,A e
2008-02-25,331,A e
2008-02-26,285,A e
2008-02-27,251,A e
2008-02-28,226,A e
2008-02-29,205,A e
2008-03-01,190,A e
2008-03-02,180,A e
2008-03-03,173,A e
2008-03-04,169,A e
2008-03-05,186,A e
2008-03-06,226,A e
2008-03-07,259,A e
2008-03-08,307,A e
2008-03-09,455,A e
2008-03-10,647,A e
2008-03-11,856,A e
2008-03-12,724,A
2008-03-13,531,A e
2008-03-14,414,A
2008-03-15,349,A
2008-03-16,306,A e
2008-03-17,270,A e
2008-03-18,245,A e
2008-03-19,231,A e
2008-03-20,237,A e
2008-03-21,277,A e
2008-03-22,301,A e
2008-03-23,299,A e
2008-03-24,277,A e
2008-03-25,239,A
2008-03-26,209,A
2008-03-27,204,A
2008-03-28,205,A
2008-03-29,195,A
2008-03-30,182,A
2008-03-31,177,A
2008-04-01,190,A
2008-04-02,243,A
2008-04-03,298,A
2008-04-04,339,A
2008-04-05,355,A
2008-04-06,356,A
2008-04-07,363,A
2008-04-08,362,A
2008-04-09,360,A
2008-04-10,360,A
2008-04-11,366,A
2008-04-12,387,A
2008-04-13,420,A
2008-04-14,461,A
2008-04-15,444,A
2008-04-16,403,A
2008-04-17,372,A
2008-04-18,345,A
2008-04-19,322,A
2008-04-20,305,A
2008-04-21,288,A
2008-04-22,273,A
2008-04-23,262,A
2008-04-24,249,A
2008-04-25,235,A
2008-04-26,220,A
2008-04-27,205,A
2008-04-28,187,A
2008-04-29,198,A
2008-04-30,276,A
2008-05-01,355,A
2008-05-02,442,A
2008-05-03,406,A
2008-05-04,353,A
2008-05-05,304,A
2008-05-06,264,A
2008-05-07,231,A
2008-05-08,206,A
2008-05-09,185,A
2008-05-10,169,A
2008-05-11,154,A
2008-05-12,140,A
2008-05-13,126,A
2008-05-14,115,A
2008-05-15,107,A
2008-05-16,100,A
2008-05-17,97.9,A
2008-05-18,108,A
2008-05-19,118,A
2008-05-20,113,A
2008-05-21,104,A
2008-05-22,97,A
2008-05-23,97.4,A
2008-05-24,95.1,A
2008-05-25,90.1,A
2008-05-26,83.4,A
2008-05-27,79.1,A
2008-05-28,75,A
2008-05-29,68.9,A
2008-05-30,64,A
2008-05-31,63.1,A
2008-06-01,80.6,A
2008-06-02,103,A
2008-06-03,109,A
2008-06-04,128,A
2008-06-05,135,A
2008-06-06,125,A
2008-06-07,109,A
2008-06-08,96.4,A
2008-06-09,85.7,A
2008-06-10,77,A
2008-06-11,70.6,A
2008-06-12,64.2,A
2008-06-13,58,A
2008-06-14,53.9,A
2008-06-15,50.1,A
2008-06-16,47.6,A
2008-06-17,52.9,A
2008-06-18,72.8,A
2008-06-19,68.5,A
2008-06-20,60.9,A
2008-06-21,57,A
2008-06-22,53.3,A
2008-06-23,53.1,A
2008-06-24,59.8,A
2008-06-25,54.9,A
2008-06-26,50.3,A
2008-06-27,43.5,A
2008-06-28,40.8,A
2008-06-29,39.9,A
2008-06-30,43,A
2008-07-01,43.3,A
2008-07-02,39.9,A
2008-07-03,37.6,A
2008-07-04,35.3,A
2008-07-05,33.2,A
2008-07-06,31.5,A
2008-07-07,30.5,A
2008-07-08,29.6,A
2008-07-09,28.4,A
2008-07-10,27.1,A
2008-07-11,25.8,A
2008-07-12,24.5,A
2008-07-13,23.8,A
2008-07-14,23.3,A
2008-07-15,23.5,A
2008-07-16,22.9,A
2008-07-17,21.9,A
2008-07-18,21.1,A
2008-07-19,21.7,A
2008-07-20,22.5,A
2008-07-21,29.4,A
2008-07-22,42.3,A
2008-07-23,37.4,A
2008-07-24,53.4,A
2008-07-25,91.4,A
2008-07-26,127,A
2008-07-27,103,A
2008-07-28,68.6,A
2008-07-29,54.7,A
2008-07-30,45.6,A
2008-07-31,38.5,A
2008-08-01,45,A
2008-08-02,161,A
2008-08-03,219,A e
2008-08-04,322,A e
2008-08-05,390,A e
2008-08-06,405,A
2008-08-07,363,A
2008-08-08,298,A
2008-08-09,218,A
2008-08-10,153,A
2008-08-11,123,A
2008-08-12,114,A
2008-08-13,137,A
2008-08-14,133,A
2008-08-15,108,A
2008-08-16,88.9,A
2008-08-17,78.4,A
2008-08-18,68.1,A
2008-08-19,59.9,A
2008-08-20,60.9,A
2008-08-21,56.2,A
2008-08-22,49.8,A
2008-08-23,44.6,A
2008-08-24,40.7,A
2008-08-25,38.4,A
2008-08-26,37.6,A
2008-08-27,34.3,A
2008-08-28,31.5,A
2008-08-29,29.8,A
2008-08-30,28.7,A
2008-08-31,28.3,A
2008-09-01,28.2,A
2008-09-02,28.3,A
2008-09-03,26.8,A
2008-09-04,31.2,A
2008-09-05,29.9,A
2008-09-06,28.6,A
2008-09-07,186,A
2008-09-08,299,A
2008-09-09,366,A
2008-09-10,387,A
2008-09-11,323,A
2008-09-12,237,A
2008-09-13,153,A
2008-09-14,121,A
2008-09-15,114,A
2008-09-16,105,A
2008-09-17,91,A
2008-09-18,78.7,A
2008-09-19,67.8,A
2008-09-20,60.3,A
2008-09-21,54.4,A
2008-09-22,50,A
2008-09-23,46.5,A
2008-09-24,43.2,A
2008-09-25,40.5,A
2008-09-26,39.1,A
2008-09-27,76.8,A
2008-09-28,210,A
2008-09-29,286,A
2008-09-30,361,A
2008-10-01,424,A
2008-10-02,424,A
2008-10-03,447,A
2008-10-04,581,A
2008-10-05,539,A
2008-10-06,424,A
2008-10-07,355,A
2008-10-08,294,A
2008-10-09,229,A
2008-10-10,180,A
2008-10-11,152,A
2008-10-12,134,A
2008-10-13,121,A
2008-10-14,112,A
2008-10-15,106,A
2008-10-16,102,A
2008-10-17,116,A
2008-10-18,117,A
2008-10-19,106,A
2008-10-20,96.5,A
2008-10-21,91.6,A
2008-10-22,89.7,A
2008-10-23,89.5,A
2008-10-24,85.4,A
2008-10-25,82,A
2008-10-26,110,A
2008-10-27,209,A
2008-10-28,256,A
2008-10-29,277,A
2008-10-30,277,A
2008-10-31,258,A
2008-11-01,217,A
2008-11-02,173,A
2008-11-03,145,A
2008-11-04,131,A
2008-11-05,121,A
2008-11-06,115,A
2008-11-07,143,A
2008-11-08,183,A
2008-11-09,199,A
2008-11-10,206,A
2008-11-11,203,A
2008-11-12,182,A
2008-11-13,159,A
2008-11-14,145,A
2008-11-15,153,A
2008-11-16,234,A
2008-11-17,316,A
2008-11-18,428,A
2008-11-19,477,A
2008-11-20,401,A
2008-11-21,346,A
2008-11-22,295,A
2008-11-23,236,A
2008-11-24,199,A
2008-11-25,184,A
2008-11-26,266,A
2008-11-27,356,A
2008-11-28,650,A
2008-11-29,641,A
2008-11-30,572,A
2008-12-01,534,A
2008-12-02,470,A
2008-12-03,427,A
2008-12-04,392,A
2008-12-05,352,A
2008-12-06,311,A
2008-12-07,272,A
2008-12-08,223,A e
2008-12-09,198,A e
2008-12-10,242,A e
2008-12-11,324,A
2008-12-12,445,A
2008-12-13,771,A
2008-12-14,889,A
2008-12-15,689,A
2008-12-16,575,A
2008-12-17,488,A
2008-12-18,388,A e
2008-12-19,336,A e
2008-12-20,298,A e
2008-12-21,270,A e
2008-12-22,248,A e
2008-12-23,232,A e
2008-12-24,222,A e
2008-12-25,314,A e
2008-12-26,351,A e
2008-12-27,346,A e
2008-12-28,295,A e
2008-12-29,311,A e
2008-12-30,346,A e
2008-12-31,340,A e
2009-01-01,292,A e
2009-01-02,236,A e
2009-01-03,208,A e
2009-01-04,189,A e
2009-01-05,175,A e
2009-01-06,165,A e
2009-01-07,156,A e
2009-01-08,149,A e
2009-01-09,142,A e
2009-01-10,136,A e
2009-01-11,132,A e
2009-01-12,128,A e
2009-01-13,126,A e
2009-01-14,125,A e
2009-01-15,121,A e
2009-01-16,118,A e
2009-01-17,116,A e
2009-01-18,114,A e
2009-01-19,123,A e
2009-01-20,127,A e
2009-01-21,125,A e
2009-01-22,118,A e
2009-01-23,112,A e
2009-01-24,108,A e
2009-01-25,104,A e
2009-01-26,101,A e
2009-01-27,99.5,A e
2009-01-28,99.4,A e
2009-01-29,99.4,A e
2009-01-30,100,A e
2009-01-31,98.5,A e
2009-02-01,97.6,A e
2009-02-02,96.4,A e
2009-02-03,95.5,A e
2009-02-04,92.5,A e
2009-02-05,90.1,A e
2009-02-06,89,A e
2009-02-07,87.6,A e
2009-02-08,93.5,A e
2009-02-09,100,A e
2009-02-10,96.2,A e
2009-02-11,92.5,A e
2009-02-12,112,A e
2009-02-13,175,A e
2009-02-14,182,A e
2009-02-15,164,A e
2009-02-16,144,A e
2009-02-17,128,A e
2009-02-18,117,A e
2009-02-19,113,A e
2009-02-20,114,A e
2009-02-21,111,A e
2009-02-22,108,A e
2009-02-23,105,A e
2009-02-24,105,A e
2009-02-25,104,A e
2009-02-26,102,A e
2009-02-27,101,A e
2009-02-28,202,A e
2009-03-01,313,A e
2009-03-02,307,A e
2009-03-03,269,A e
2009-03-04,228,A e
2009-03-05,196,A e
2009-03-06,183,A e
2009-03-07,180,A e
2009-03-08,194,A e
2009-03-09,210,A e
2009-03-10,199,A e
2009-03-11,197,A e
2009-03-12,213,A e
2009-03-13,201,A e
2009-03-14,186,A e
2009-03-15,175,A e
2009-03-16,168,A e
2009-03-17,162,A e
2009-03-18,159,A e
2009-03-19,172,A e
2009-03-20,195,A e
2009-03-21,180,A e
2009-03-22,164,A e
2009-03-23,152,A e
2009-03-24,140,A e
2009-03-25,128,A e
2009-03-26,135,A e
2009-03-27,149,A e
2009-03-28,166,A e
2009-03-29,209,A e
2009-03-30,305,A e
2009-03-31,392,A e
